article_id,Visual Observation: Chart Elements,Visual Observation: Data Extraction,Visual Observation: Pattern Recognition,Curiosity,Inference: Causal,Inference: Hypothetical,Prior Knowledge: General,Prior Knowledge: Personal,Evaluative: Reactive,Evaluative: Prescriptive,Beyond-plot
1,0.05165692007797271,0.08723196881091617,0.25389863547758285,0.14230019493177387,0.04337231968810916,0.0769980506822612,0.1871345029239766,0.11647173489278752,0.0297270955165692,0.011208576998050682,0.6072124756335282
10,0.10358565737051793,0.025398406374501994,0.20916334661354583,0.1947211155378486,0.07918326693227092,0.08366533864541832,0.11703187250996015,0.1409362549800797,0.02141434262948207,0.0249003984063745,0.6618525896414342
100,0.053978408636545384,0.12594962015193922,0.29788084766093564,0.12714914034386246,0.07117153138744502,0.052778888444622155,0.1131547381047581,0.10715713714514194,0.026789284286285485,0.023990403838464614,0.5221911235505797
101,0.06013579049466537,0.03249272550921436,0.08389912706110572,0.1367604267701261,0.03685741998060136,0.36663433559650827,0.12609117361784675,0.0848690591658584,0.04704170708050436,0.02521823472356935,0.8234723569350145
102,0.0594017094017094,0.01581196581196581,0.1952991452991453,0.1170940170940171,0.09145299145299145,0.18376068376068377,0.18247863247863247,0.13076923076923078,0.01581196581196581,0.00811965811965812,0.7294871794871796
103,0.02553191489361702,0.11702127659574468,0.14893617021276595,0.2,0.07872340425531915,0.10212765957446808,0.1723404255319149,0.08297872340425531,0.02553191489361702,0.04680851063829787,0.7085106382978723
104,0.2160033167495854,0.053482587064676616,0.1322553897180763,0.148424543946932,0.022802653399668325,0.17744610281923714,0.09867330016583747,0.07918739635157546,0.042703150912106136,0.02902155887230514,0.5982587064676617
105,0.1206896551724138,0.07758620689655173,0.27586206896551724,0.19827586206896552,0.034482758620689655,0.04310344827586207,0.08620689655172414,0.12931034482758622,0.02586206896551724,0.008620689655172414,0.5258620689655172
106,0.06227981882234524,0.03749370910920986,0.3184448917966784,0.11562657272269754,0.08014594866633115,0.03661298439859084,0.11059386009058883,0.19250125817815802,0.03749370910920986,0.008807247106190236,0.5817815802717665
107,0.06170286108238538,0.03274732850741124,0.32023440193036884,0.14960358497069975,0.08617718028266115,0.07376766632195794,0.0996208204067563,0.13478110996208204,0.03067907618062737,0.010685970355049982,0.5853154084798345
108,0.11076855318211848,0.021140717903545474,0.27571019599207225,0.13212948689715923,0.07046905967848492,0.04998898920942524,0.1297071129707113,0.16384056375247744,0.022021581149526535,0.02422373926447919,0.5923805329222638
11,0.09923664122137404,0.13231552162849872,0.2222222222222222,0.10687022900763359,0.04071246819338423,0.035623409669211195,0.16878710771840544,0.14079728583545378,0.030534351145038167,0.022900763358778626,0.546225614927905
110,0.1959493670886076,0.05620253164556962,0.1321518987341772,0.16860759493670885,0.034936708860759495,0.06936708860759494,0.14430379746835442,0.13265822784810127,0.044050632911392405,0.021772151898734177,0.6156962025316456
111,0.09849624060150376,0.04912280701754386,0.2704260651629073,0.13233082706766916,0.09899749373433583,0.07669172932330827,0.13583959899749373,0.11704260651629073,0.013533834586466165,0.007518796992481203,0.5819548872180451
112,0.09480431848852902,0.12483130904183536,0.20006747638326586,0.15215924426450742,0.09008097165991903,0.048582995951417005,0.12955465587044535,0.1346153846153846,0.016531713900134953,0.008771929824561403,0.5802968960863698
113,0.10060286360211003,0.027882441597588545,0.1586284853051997,0.16201959306706856,0.04333082140165787,0.16126601356443104,0.11680482290881689,0.11379050489826677,0.019969856819894497,0.09570459683496609,0.7128862094951017
114,0.0916256157635468,0.06798029556650247,0.21330049261083744,0.1812807881773399,0.07832512315270936,0.06354679802955665,0.12019704433497537,0.12216748768472907,0.033497536945812804,0.02807881773399015,0.6270935960591133
115,0.07944628347878423,0.06891363226000602,0.13060487511284982,0.16310562744507975,0.1646102919049052,0.09930785434848029,0.14926271441468553,0.12398435148961781,0.011435449894673488,0.009328919650917845,0.72103520914836
116,0.08610624635143024,0.12521891418563924,0.16666666666666666,0.1535318155283129,0.05808523058960887,0.050204319906596614,0.16228838295388207,0.13105662580268534,0.03677758318739054,0.030064214827787508,0.6220081727962639
117,0.14541622760800843,0.07876712328767123,0.148840885142255,0.1696522655426765,0.07455216016859853,0.10695468914646997,0.09062170706006323,0.12539515279241306,0.030031612223393046,0.029768177028451002,0.6269757639620653
118,0.07946853848082226,0.05841062923038356,0.24918525946352468,0.15241915266984207,0.059914765605414894,0.07646026573075959,0.1499122587114565,0.14239157683629983,0.023063424417147156,0.008774128854349462,0.6129355728252694
119,0.06726207089031538,0.059726486184761375,0.2271839240859615,0.1356405246999721,0.07144850683784539,0.054981858777560705,0.16131733184482278,0.16299190622383478,0.03265420039073402,0.026793190064192018,0.6458275188389617
12,0.1865079365079365,0.015873015873015872,0.3194444444444444,0.1865079365079365,0.051587301587301584,0.03373015873015873,0.09325396825396826,0.06547619047619048,0.047619047619047616,0.0,0.47817460317460325
120,0.07508532423208192,0.039590443686006824,0.3453924914675768,0.16723549488054607,0.06279863481228669,0.040955631399317405,0.07918088737201365,0.15563139931740613,0.030716723549488054,0.0034129692832764505,0.5399317406143345
121,0.07380607814761216,0.052580800771828265,0.3439459720212253,0.16353111432706222,0.049686444766039554,0.036661842739990354,0.08876025084418716,0.15195369030390737,0.027978774722624215,0.011095031355523395,0.5296671490593343
122,0.06350710900473934,0.04265402843601896,0.24644549763033174,0.18293838862559242,0.034123222748815164,0.14502369668246445,0.12511848341232226,0.12037914691943127,0.029383886255924172,0.01042654028436019,0.64739336492891
123,0.09412550066755675,0.0670894526034713,0.21895861148197596,0.14886515353805074,0.07910547396528705,0.048397863818424564,0.1765687583444593,0.1308411214953271,0.027703604806408544,0.008344459279038718,0.619826435246996
124,0.04439855446566856,0.04543107898812597,0.19050077439339183,0.15642746515229736,0.13939081053175012,0.08466701084150749,0.174496644295302,0.14919979349509552,0.010325245224574084,0.005162622612287042,0.7196695921528137
125,0.04303931987247609,0.04782146652497343,0.20085015940488843,0.1647183846971307,0.13443145589798086,0.08554729011689692,0.1487778958554729,0.15993623804463336,0.009564293304994687,0.005313496280552604,0.7082890541976621
126,0.11561299336360462,0.07509605309116311,0.2245895913377576,0.16067062521830247,0.05413901501921062,0.06252183024799161,0.128536500174642,0.1466992665036675,0.017114914425427872,0.015019210618232623,0.5847013622074747
127,0.08927770300583221,0.08882907133243607,0.25751458052938536,0.17048003589053387,0.04172274562584118,0.05204127411395244,0.08882907133243607,0.17003140421713772,0.018393898609241812,0.02288021534320323,0.5643786451323464
128,0.08859118409680207,0.06266205704407951,0.17934312878133102,0.16810717372515124,0.06136560069144339,0.11927398444252377,0.165514261019879,0.1063094209161625,0.031547104580812446,0.01728608470181504,0.6694036300777875
129,0.1986062717770035,0.037630662020905925,0.17073170731707318,0.1613240418118467,0.0627177700348432,0.050174216027874564,0.17735191637630662,0.11358885017421602,0.021602787456445994,0.0062717770034843206,0.5930313588850173
13,0.20599250936329588,0.13108614232209737,0.2397003745318352,0.15355805243445692,0.08239700374531835,0.06367041198501873,0.0449438202247191,0.033707865168539325,0.04119850187265917,0.003745318352059925,0.42322097378277157
130,0.09192672998643148,0.060719131614654004,0.22150610583446403,0.15943012211668928,0.06512890094979647,0.053256445047489824,0.13297150610583447,0.14314789687924015,0.026797829036635006,0.04511533242876527,0.6258480325644504
131,0.08856345885634588,0.05230125523012552,0.16248256624825663,0.16562064156206416,0.05753138075313807,0.06345885634588563,0.1816596931659693,0.1593444909344491,0.03730822873082287,0.03172942817294282,0.696652719665272
132,0.029438822447102116,0.04875804967801288,0.2796688132474701,0.15271389144434222,0.09935602575896964,0.09291628334866606,0.14259429622815087,0.12603495860165592,0.011039558417663294,0.017479300827966882,0.6421343146274149
133,0.07939097335508428,0.030451332245785754,0.22294725394235998,0.1821642196846112,0.05546492659053834,0.07939097335508428,0.13811854268624252,0.1370309951060359,0.025013594344752584,0.05002718868950517,0.66721044045677
134,0.053691275167785234,0.06543624161073826,0.23825503355704697,0.1988255033557047,0.07802013422818792,0.06291946308724833,0.09983221476510067,0.1610738255033557,0.02097315436241611,0.02097315436241611,0.6426174496644296
135,0.06344827586206897,0.01793103448275862,0.30482758620689654,0.14758620689655172,0.08758620689655172,0.03586206896551724,0.11793103448275861,0.14206896551724138,0.05379310344827586,0.028965517241379312,0.6137931034482759
136,0.1390391345847916,0.08940502704422526,0.26948775055679286,0.17817371937639198,0.04040725421571747,0.054088450524976135,0.07636016544702513,0.09767737830098631,0.050588609608654155,0.004772510340439071,0.5020680878141903
137,0.09832635983263599,0.10715946071594608,0.199907019990702,0.1887494188749419,0.05485820548582055,0.09321245932124593,0.10088331008833101,0.12087401208740121,0.019758251975825196,0.016271501627150162,0.594607159460716
139,0.11960739557178726,0.048619036749600546,0.23054097238073498,0.16594384843643004,0.03948870120976946,0.049988587080575214,0.11390093585939283,0.14562885186030586,0.01985847979913262,0.06642319105227117,0.6012325952978772
14,0.2548330404217926,0.09490333919156414,0.17926186291739896,0.20738137082601055,0.03163444639718805,0.05799648506151142,0.09314586994727592,0.01054481546572935,0.043936731107205626,0.026362038664323375,0.47100175746924433
140,0.0952569954356023,0.045643976979559436,0.2843818217900377,0.17364556459615002,0.06092478666402064,0.03393530462393332,0.10696566779122842,0.1801944830323477,0.012700932724746974,0.006350466362373487,0.5747172057948006
141,0.06117824773413897,0.07515105740181269,0.2326283987915408,0.18693353474320243,0.07854984894259819,0.03172205438066465,0.0891238670694864,0.21336858006042297,0.021148036253776436,0.010196374622356496,0.6310422960725075
142,0.08481192334989354,0.06422995031937544,0.26330731014904185,0.20085166784953867,0.04293825408090845,0.0440028388928318,0.0908445706174592,0.15933286018452802,0.025904897090134847,0.023775727466288147,0.5876508161816891
143,0.08371800251783466,0.03399076793957197,0.2563994964330676,0.14813260595887537,0.04951741502308015,0.09966428871170793,0.10700797314309694,0.17960553923625683,0.014687368862778011,0.027276542173730593,0.6258917331095257
147,0.05279366476022877,0.051473823141223056,0.2512098548174219,0.15266168059832821,0.08007039155301364,0.05455345358556973,0.1561812582490101,0.15662120545534536,0.026396832380114386,0.01803783545974483,0.6445226572811262
148,0.038995965934558494,0.05826983415508741,0.2008068130883012,0.16494845360824742,0.06409681757059614,0.14029583146571045,0.10085163603765128,0.20394441954280593,0.019722097714029583,0.008068130883012102,0.7019273868220529
149,0.055369751021924936,0.04905239687848383,0.25046451133407654,0.18357487922705315,0.06540319583797845,0.07803790412486064,0.12783351913786697,0.14009661835748793,0.027499070977331848,0.022668153102935712,0.6451133407655147
15,0.13883677298311445,0.054409005628517824,0.33771106941838647,0.20075046904315197,0.06566604127579738,0.08067542213883677,0.06941838649155722,0.013133208255159476,0.0300187617260788,0.009380863039399626,0.46904315196998125
150,0.03871128871128871,0.027722277722277724,0.3101898101898102,0.1590909090909091,0.08016983016983018,0.07067932067932067,0.11263736263736264,0.16808191808191808,0.023726273726273728,0.008991008991008992,0.6233766233766234
151,0.06225165562913907,0.08874172185430464,0.23399558498896247,0.17439293598233996,0.05121412803532009,0.07328918322295806,0.12185430463576159,0.15275938189845475,0.03443708609271523,0.00706401766004415,0.6150110375275938
152,0.08384458077709611,0.11486025903203817,0.23210633946830267,0.1632583503749148,0.05760054533060668,0.0678254942058623,0.09202453987730061,0.13667348329925016,0.02556237218813906,0.026244035446489435,0.569188820722563
153,0.09285965529370384,0.03200844178684488,0.24305311290889905,0.1804431938093563,0.06401688357368976,0.07316215265564545,0.10306014773126979,0.17762926486106226,0.017587055926837847,0.01618009145269082,0.6320787900105522
154,0.10090960773166571,0.052870949403069925,0.15690733371233656,0.1557703240477544,0.05713473564525298,0.04718590108015918,0.1458214894826606,0.19897669130187606,0.041785105173393976,0.04263786242183058,0.6893121091529277
156,0.0211247502141022,0.0790750785041393,0.24293462746217528,0.1581501570082786,0.10790750785041393,0.07793320011418783,0.14387667713388524,0.1407365115615187,0.0211247502141022,0.007136739937196689,0.6568655438195832
157,0.11003110419906688,0.1368584758942457,0.1947900466562986,0.14502332814930016,0.034603421461897356,0.048989113530326596,0.07465007776049767,0.20917573872472783,0.03965785381026438,0.006220839813374806,0.5583203732503889
158,0.06301369863013699,0.0888454011741683,0.2731898238747554,0.1436399217221135,0.03131115459882583,0.059099804305283755,0.124853228962818,0.14794520547945206,0.0426614481409002,0.025440313111545987,0.5749510763209393
159,0.025902335456475585,0.07728237791932059,0.21358811040339704,0.15753715498938428,0.0900212314225053,0.12399150743099788,0.09639065817409767,0.17834394904458598,0.03397027600849257,0.0029723991507431,0.6832271762208068
16,0.1334648257725181,0.0631163708086785,0.3517422748191979,0.15187376725838264,0.0992767915844839,0.04799474030243261,0.09467455621301775,0.009861932938856016,0.020381328073635765,0.027613412228796843,0.4516765285996055
160,0.07067575945443273,0.15127092374457532,0.3124612523248605,0.16862988220706757,0.06137631742095474,0.07439553626782393,0.09237445753254804,0.006819590824550527,0.04525728456292622,0.016738995660260384,0.46559206447613144
161,0.06808638272345531,0.06718656268746251,0.21685662867426514,0.14667066586682664,0.07198560287942411,0.10587882423515296,0.1292741451709658,0.11247750449910018,0.042891421715656866,0.03869226154769046,0.647870425914817
162,0.08084800574919151,0.037010420409629895,0.2698526769673015,0.12935680919870643,0.06036651095939633,0.21523535752784764,0.08156665468918434,0.0955803090190442,0.019762845849802372,0.010420409629895796,0.6122888968738771
163,0.0689033189033189,0.04076479076479077,0.1984126984126984,0.18037518037518038,0.05447330447330447,0.07467532467532467,0.1378066378066378,0.15873015873015872,0.045454545454545456,0.04040404040404041,0.6919191919191919
164,0.10178817056396149,0.08046767537826685,0.20873452544704263,0.19738651994497936,0.04607977991746905,0.05364511691884457,0.12585969738651995,0.1499312242090784,0.015130674002751032,0.020976616231086657,0.609009628610729
165,0.0439297124600639,0.07827476038338659,0.28714057507987223,0.14496805111821087,0.07188498402555911,0.08985623003194888,0.13538338658146964,0.12340255591054312,0.011182108626198083,0.013977635782747603,0.5906549520766773
166,0.07016248153618906,0.024741506646971934,0.28840472673559825,0.16174298375184637,0.058714918759231904,0.045051698670605614,0.08825701624815362,0.21971935007385524,0.029172821270310192,0.014032496307237814,0.6166912850812407
167,0.05162287480680062,0.09088098918083462,0.21638330757341576,0.13972179289026276,0.07666151468315302,0.12210200927357033,0.15208655332302937,0.10664605873261206,0.03523956723338485,0.00865533230293663,0.641112828438949
168,0.07352316192095197,0.10497237569060773,0.13557161070973225,0.17424564385890354,0.046323841903952404,0.10709732256693583,0.15512112197195072,0.12537186570335743,0.03059923501912452,0.04717382065448364,0.685932851678708
169,0.03126941395734106,0.054462621660799335,0.18513149720439015,0.1358459308345413,0.04742182646510665,0.058397183681921726,0.20998136260095257,0.2112238558707807,0.05052805963967695,0.015738248084489544,0.7291364671774694
17,0.06739130434782609,0.030434782608695653,0.30869565217391304,0.15869565217391304,0.16956521739130434,0.058695652173913045,0.14565217391304347,0.004347826086956522,0.017391304347826087,0.0391304347826087,0.5934782608695652
170,0.01715686274509804,0.05065359477124183,0.30106209150326796,0.15522875816993464,0.09477124183006536,0.04738562091503268,0.17197712418300654,0.127859477124183,0.01919934640522876,0.014705882352941176,0.6311274509803921
171,0.0,0.03968253968253968,0.19047619047619047,0.1349206349206349,0.07142857142857142,0.07936507936507936,0.18253968253968253,0.23809523809523808,0.047619047619047616,0.015873015873015872,0.7698412698412699
172,0.03292317924842035,0.11905553708014632,0.17292983039574328,0.15896242101762553,0.06551380113069505,0.07948121050881277,0.23012969737279682,0.11040904556035916,0.016295310941137345,0.014299966744263386,0.67509145327569
173,0.04470588235294118,0.03831932773109244,0.20470588235294118,0.14521008403361343,0.06789915966386555,0.09042016806722689,0.15798319327731092,0.18521008403361344,0.03294117647058824,0.03260504201680672,0.7122689075630252
175,0.03646237393328161,0.07098525989138868,0.20597362296353763,0.16252909231962762,0.07098525989138868,0.12024825446082234,0.13072148952676493,0.13925523661753297,0.024437548487199378,0.03840186190845617,0.686578743211792
176,0.052433044134288946,0.0912863070539419,0.25839305922293476,0.17842323651452283,0.055450773293096944,0.07242549981139193,0.07808374198415692,0.1757827235005658,0.03244058845718597,0.005281026027913994,0.5978875895888344
177,0.06836734693877551,0.15816326530612246,0.15306122448979592,0.18418367346938774,0.031122448979591835,0.0653061224489796,0.12755102040816327,0.14489795918367346,0.0413265306122449,0.026020408163265306,0.6204081632653061
178,0.04310032596885187,0.04273813835566823,0.34154291923216223,0.14052879391524808,0.0720753350235422,0.043824701195219126,0.10829409634190511,0.16479536399855124,0.02462875769648678,0.018471568272365086,0.5726186164433177
18,0.1608695652173913,0.09130434782608696,0.25217391304347825,0.20434782608695654,0.06521739130434782,0.06086956521739131,0.10434782608695652,0.004347826086956522,0.008695652173913044,0.04782608695652174,0.4956521739130435
181,0.07389380530973451,0.030973451327433628,0.34690265486725663,0.10973451327433628,0.05353982300884956,0.06814159292035399,0.1579646017699115,0.09336283185840707,0.035398230088495575,0.03008849557522124,0.5482300884955752
182,0.06482412060301508,0.04623115577889447,0.21809045226130652,0.15628140703517587,0.09748743718592964,0.07839195979899498,0.14522613065326634,0.1306532663316583,0.03919597989949749,0.023618090452261306,0.670854271356784
183,0.09481865284974093,0.0766839378238342,0.2,0.10725388601036269,0.07772020725388601,0.08186528497409326,0.12694300518134716,0.19481865284974093,0.025906735751295335,0.013989637305699482,0.6284974093264248
184,0.041679071152128606,0.02857993450431676,0.3021732658529324,0.17475439118785352,0.05090800833581423,0.08157189639773742,0.11312890741292052,0.1518309020541828,0.03423637987496279,0.021137243227150937,0.6275677284906223
185,0.05764411027568922,0.053467000835421885,0.3107769423558897,0.15538847117794485,0.06349206349206349,0.05137844611528822,0.16750208855472012,0.10401002506265664,0.019632414369256473,0.01670843776106934,0.5781119465329991
187,0.04754505904288378,0.09291485394655065,0.2632069608452455,0.19701678060907396,0.07333747669359851,0.06991920447482909,0.09850839030453698,0.11839651957737725,0.020198881292728402,0.018955873213175885,0.5963331261653201
189,0.05438701923076923,0.03665865384615385,0.22596153846153846,0.18028846153846154,0.10727163461538461,0.09495192307692307,0.12950721153846154,0.1268028846153846,0.026442307692307692,0.017728365384615384,0.6829927884615384
19,0.06231003039513678,0.06838905775075987,0.270516717325228,0.13677811550151975,0.06534954407294832,0.034954407294832825,0.1519756838905775,0.12462006079027356,0.07598784194528875,0.00911854103343465,0.5987841945288754
190,0.0476843910806175,0.06655231560891939,0.2583190394511149,0.18078902229845625,0.03842195540308748,0.11560891938250428,0.11869639794168096,0.11972555746140652,0.03053173241852487,0.023670668953687822,0.6274442538593482
191,0.042485153037916855,0.09867519415258108,0.20511649154865236,0.14664230242119689,0.058017359524897213,0.0767473732297853,0.21790772042028322,0.11968935587026039,0.03060758337140247,0.004111466423024212,0.6537231612608497
192,0.043029259896729774,0.022375215146299483,0.24514384066879763,0.15933120236046225,0.06442094910253258,0.07105974920088517,0.14851241701499876,0.21957216621588393,0.020654044750430294,0.005901155642980083,0.689451684288173
193,0.054455445544554455,0.06435643564356436,0.22734196496572734,0.15232292460015232,0.0891089108910891,0.07311500380807312,0.13023610053313023,0.16298552932216298,0.026656511805026657,0.01942117288651942,0.6538461538461539
195,0.03727317312408043,0.10593428151054439,0.1937224129475233,0.22707209416380578,0.058852378616969105,0.0461010299166258,0.10568906326630702,0.1768023540951447,0.025993133889161354,0.022560078469838155,0.6630701324178518
196,0.0632295719844358,0.04377431906614786,0.2480544747081712,0.19066147859922178,0.08560311284046693,0.04912451361867704,0.09922178988326848,0.1930933852140078,0.02091439688715953,0.00632295719844358,0.6449416342412451
197,0.06552706552706553,0.11965811965811966,0.20845204178537513,0.17711301044634378,0.0731244064577398,0.03941120607787275,0.10683760683760683,0.1362773029439696,0.04178537511870845,0.03181386514719848,0.6063627730294396
198,0.08750687947165657,0.1375894331315355,0.19427627958172813,0.19482663731425426,0.040176114474408366,0.06108970831040176,0.09521188772702256,0.15244909190974132,0.025866813428728673,0.01100715465052284,0.5806274078150798
199,0.078125,0.06125,0.24375,0.165625,0.04,0.080625,0.110625,0.1875,0.02625,0.00625,0.6168750000000001
2,0.36779256226543844,0.05322415557830092,0.23200272944387582,0.1245308768338451,0.048106448311156604,0.06857727737973388,0.06960081883316274,0.011941316956670079,0.016376663254861822,0.007847151142954622,0.3469805527123848
20,0.10328262610088071,0.059247397918334666,0.3178542834267414,0.11929543634907927,0.1200960768614892,0.0344275420336269,0.20096076861489193,0.01120896717373899,0.03122497998398719,0.0024019215372297837,0.5196156925540433
200,0.032903225806451615,0.07548387096774194,0.28838709677419355,0.15806451612903225,0.06774193548387097,0.03935483870967742,0.1167741935483871,0.16516129032258065,0.034193548387096775,0.02193548387096774,0.603225806451613
201,0.028509951586874662,0.10919849381387843,0.27165142549757937,0.15277030661646046,0.07423345884884347,0.09198493813878429,0.09897794513179128,0.13663259817105972,0.022592791823561054,0.013448090371167294,0.5906401291016675
202,0.043243243243243246,0.10675675675675676,0.16486486486486487,0.16891891891891891,0.06351351351351352,0.1445945945945946,0.15135135135135136,0.12702702702702703,0.022972972972972974,0.006756756756756757,0.6851351351351351
203,0.0880672268907563,0.045714285714285714,0.25210084033613445,0.16974789915966387,0.05445378151260504,0.0642016806722689,0.11563025210084034,0.14857142857142858,0.04336134453781513,0.01815126050420168,0.6141176470588235
204,0.04004004004004004,0.09109109109109109,0.26626626626626626,0.17567567567567569,0.07757757757757758,0.04854854854854855,0.08858858858858859,0.16066066066066065,0.03003003003003003,0.021521521521521522,0.6026026026026026
205,0.06395141121829225,0.022865309038942478,0.3161843515541265,0.12218649517684887,0.08538763844230082,0.04322972490175062,0.11396927474097893,0.19471239728474454,0.03251161128974634,0.005001786352268668,0.5969989281886388
206,0.038781163434903045,0.07617728531855955,0.2742382271468144,0.13988919667590027,0.09002770083102493,0.06925207756232687,0.12465373961218837,0.15373961218836565,0.027700831024930747,0.00554016620498615,0.610803324099723
209,0.07312049433573635,0.05149330587023687,0.21009268795056643,0.1529351184346035,0.10504634397528322,0.029866117404737384,0.11894953656024716,0.22811534500514932,0.02265705458290422,0.007723995880535531,0.6652935118434604
21,0.056433408577878104,0.10609480812641084,0.26636568848758463,0.11738148984198646,0.16252821670428894,0.033860045146726865,0.2144469525959368,0.006772009029345372,0.029345372460496615,0.006772009029345372,0.5711060948081265
210,0.04607046070460705,0.06775067750677506,0.21476964769647697,0.21070460704607047,0.07723577235772358,0.12262872628726287,0.10975609756097561,0.12872628726287264,0.011517615176151762,0.01084010840108401,0.6714092140921409
212,0.11122448979591837,0.058503401360544216,0.20204081632653062,0.1608843537414966,0.04353741496598639,0.1282312925170068,0.13877551020408163,0.13299319727891157,0.014285714285714285,0.009523809523809525,0.6282312925170068
213,0.046218487394957986,0.05042016806722689,0.26563958916900093,0.2166199813258637,0.08029878618113913,0.06442577030812324,0.08823529411764706,0.15079365079365079,0.02100840336134454,0.016339869281045753,0.6377217553688141
214,0.04225352112676056,0.0676056338028169,0.2535211267605634,0.15492957746478872,0.07464788732394366,0.126056338028169,0.12112676056338029,0.1,0.03309859154929577,0.02676056338028169,0.6366197183098592
215,0.034576534576534576,0.07653457653457653,0.24281274281274282,0.1888111888111888,0.11577311577311578,0.11460761460761461,0.11577311577311578,0.08352758352758352,0.021756021756021756,0.005827505827505828,0.646076146076146
216,0.05718206770356816,0.04437328453796889,0.32067703568161027,0.16468435498627632,0.07548032936870998,0.030649588289112534,0.11161939615736505,0.18115279048490393,0.012351326623970723,0.0018298261665141812,0.5777676120768527
22,0.09615384615384616,0.1047008547008547,0.20726495726495728,0.20726495726495728,0.057692307692307696,0.07478632478632478,0.16452991452991453,0.029914529914529916,0.03632478632478633,0.021367521367521368,0.5918803418803419
23,0.19342105263157894,0.035526315789473684,0.13026315789473683,0.15263157894736842,0.1355263157894737,0.10394736842105264,0.16052631578947368,0.025,0.04868421052631579,0.014473684210526316,0.6407894736842106
24,0.048239895697522815,0.0910039113428944,0.17027379400260756,0.21434159061277705,0.05840938722294654,0.059452411994784876,0.1256844850065189,0.19295958279009126,0.03129074315514994,0.008344198174706649,0.6904823989569753
25,0.04962406015037594,0.11127819548872181,0.12030075187969924,0.12180451127819548,0.061654135338345864,0.21804511278195488,0.12330827067669173,0.07669172932330827,0.07218045112781955,0.045112781954887216,0.718796992481203
26,0.12962962962962962,0.05555555555555555,0.2777777777777778,0.3888888888888889,0.09259259259259259,0.0,0.037037037037037035,0.0,0.018518518518518517,0.0,0.537037037037037
27,0.0741687979539642,0.056265984654731455,0.27365728900255754,0.15601023017902813,0.07672634271099744,0.056265984654731455,0.2020460358056266,0.020460358056265986,0.056265984654731455,0.028132992327365727,0.5959079283887468
28,0.07337883959044368,0.06484641638225255,0.25,0.11177474402730375,0.11604095563139932,0.04436860068259386,0.2687713310580205,0.03754266211604096,0.029863481228668942,0.0034129692832764505,0.6117747440273038
29,0.06494096276112625,0.08401453224341508,0.18755676657584014,0.1734786557674841,0.07311534968210717,0.0971843778383288,0.19754768392370572,0.008174386920980926,0.05994550408719346,0.05404178019981835,0.6634877384196185
3,0.2090032154340836,0.08360128617363344,0.28112080845199816,0.1240238860817639,0.06982085438677078,0.040422599908130456,0.10978410656867249,0.018833256775378962,0.022048690858980247,0.04134129536058796,0.42627468994028483
30,0.12934362934362933,0.08397683397683398,0.11293436293436293,0.1891891891891892,0.13320463320463322,0.12065637065637065,0.12837837837837837,0.010617760617760617,0.06756756756756757,0.02413127413127413,0.6737451737451737
31,0.06483899042645778,0.06135770234986945,0.3838120104438642,0.12402088772845953,0.09094865100087032,0.047432550043516104,0.1566579634464752,0.023063533507397736,0.03524804177545692,0.012619669277632724,0.48999129677980857
32,0.1259150805270864,0.09919472913616398,0.22108345534407028,0.14568081991215226,0.04575402635431918,0.06661786237188873,0.08821376281112737,0.14019033674963396,0.0424597364568082,0.024890190336749635,0.5538067349926794
33,0.10647103085026335,0.1053423626787058,0.3611738148984199,0.17494356659142213,0.03574115876598947,0.029345372460496615,0.13393528969149737,0.014296463506395787,0.024454477050413845,0.014296463506395787,0.42701279157261096
34,0.2185430463576159,0.018763796909492272,0.2097130242825607,0.1859823399558499,0.023178807947019868,0.16445916114790288,0.09602649006622517,0.016556291390728478,0.05353200883002208,0.013245033112582781,0.5529801324503312
35,0.12430167597765363,0.06983240223463687,0.26955307262569833,0.17318435754189945,0.11592178770949721,0.04189944134078212,0.11173184357541899,0.04189944134078212,0.040502793296089384,0.0111731843575419,0.5363128491620112
36,0.20361990950226244,0.09276018099547512,0.2986425339366516,0.12669683257918551,0.07692307692307693,0.05203619909502263,0.05656108597285068,0.029411764705882353,0.06108597285067873,0.0022624434389140274,0.40497737556561086
37,0.06801007556675064,0.18261964735516373,0.23173803526448364,0.13602015113350127,0.07304785894206549,0.04785894206549118,0.07682619647355164,0.08816120906801007,0.060453400503778336,0.03526448362720403,0.517632241813602
38,0.05238095238095238,0.05523809523809524,0.1838095238095238,0.1580952380952381,0.09714285714285714,0.20285714285714285,0.1361904761904762,0.07142857142857142,0.02761904761904762,0.015238095238095238,0.7085714285714286
39,0.06373397990994112,0.07862833391063388,0.15102182196051264,0.13439556633183236,0.0744717700034638,0.0803602355386214,0.21302390024246623,0.08798060270176654,0.0633875995843436,0.052996189816418425,0.7066158642189123
4,0.12608444187391557,0.04395604395604396,0.31231925968768076,0.17466743782533256,0.14054366685945632,0.042799305957200696,0.12203585887796414,0.004626951995373048,0.024291497975708502,0.008675534991324466,0.5176402544823597
40,0.1927652733118971,0.023311897106109324,0.2472668810289389,0.24469453376205788,0.040353697749196143,0.13569131832797426,0.08408360128617363,0.011254019292604502,0.014469453376205787,0.006109324758842444,0.5366559485530547
41,0.08361774744027303,0.1506360533664288,0.39031957803288864,0.23689109525287,0.04548557244802979,0.03561898852001241,0.04337573689109525,0.006391560657772262,0.006391560657772262,0.001272106732857586,0.3754266211604096
42,0.11709159584513693,0.024551463644948063,0.2983947119924457,0.19263456090651557,0.11048158640226628,0.0453257790368272,0.153918791312559,0.015108593012275733,0.030217186024551465,0.012275731822474031,0.5599622285174692
43,0.1472779369627507,0.11117478510028653,0.2859598853868195,0.13581661891117477,0.08022922636103152,0.04527220630372493,0.1151862464183381,0.01833810888252149,0.04527220630372493,0.015472779369627506,0.45558739255014324
45,0.07990314769975787,0.0671912832929782,0.29358353510895885,0.18886198547215496,0.10351089588377724,0.04539951573849879,0.12046004842615012,0.023002421307506054,0.033292978208232446,0.044794188861985475,0.5593220338983051
46,0.04838709677419355,0.055299539170506916,0.38018433179723504,0.23847926267281105,0.10829493087557604,0.029953917050691243,0.059907834101382486,0.018433179723502304,0.03686635944700461,0.024193548387096774,0.5161290322580645
47,0.053784860557768925,0.06374501992031872,0.3655378486055777,0.1802788844621514,0.10458167330677291,0.0249003984063745,0.12450199203187251,0.021912350597609563,0.04282868525896414,0.017928286852589643,0.5169322709163346
48,0.1529051987767584,0.14067278287461774,0.19571865443425077,0.26299694189602446,0.0581039755351682,0.039755351681957186,0.11314984709480122,0.0030581039755351682,0.01834862385321101,0.01529051987767584,0.5107033639143731
49,0.1187648456057007,0.2042755344418052,0.22446555819477435,0.19358669833729217,0.06532066508313539,0.060570071258907364,0.07482185273159145,0.004750593824228029,0.04156769596199525,0.011876484560570071,0.4524940617577198
5,0.11416262789445342,0.04092622509423802,0.3441033925686591,0.12924071082390953,0.12439418416801293,0.050080775444264945,0.1567043618739903,0.012385568120624663,0.01723209477652127,0.010770059235325794,0.5008077544426495
50,0.11464968152866242,0.030573248407643312,0.37579617834394907,0.1910828025477707,0.07133757961783439,0.06751592356687898,0.09681528662420383,0.012738853503184714,0.0267515923566879,0.012738853503184714,0.4789808917197452
52,0.1054590570719603,0.10297766749379653,0.3064516129032258,0.13399503722084366,0.06947890818858561,0.043424317617866005,0.14267990074441686,0.019851116625310174,0.03225806451612903,0.043424317617866005,0.48511166253101734
53,0.14197823000473261,0.09607193563653574,0.1949834358731661,0.16516800757217226,0.11642214860388074,0.05395172740179839,0.1665877898722196,0.00946521533364884,0.028868906767628964,0.026502602934216753,0.5669663984855655
54,0.12412587412587413,0.0777972027972028,0.28146853146853146,0.23251748251748253,0.10926573426573427,0.055944055944055944,0.07867132867132867,0.007867132867132868,0.016608391608391608,0.015734265734265736,0.5166083916083917
55,0.08869565217391304,0.08695652173913043,0.20521739130434782,0.1443478260869565,0.10608695652173913,0.06260869565217392,0.20173913043478262,0.020869565217391306,0.06260869565217392,0.020869565217391306,0.6191304347826088
56,0.08386327503974562,0.03418124006359301,0.257154213036566,0.14427662957074722,0.04292527821939587,0.06995230524642289,0.17925278219395865,0.0834658187599364,0.07352941176470588,0.031399046104928455,0.6248012718600954
57,0.05378020265003897,0.07716289945440374,0.4208885424785659,0.1940763834762276,0.08339828526890102,0.04053000779423227,0.05300077942322681,0.03351519875292284,0.03585346843335931,0.00779423226812159,0.4481683554169914
59,0.19536082474226804,0.10309278350515463,0.23556701030927835,0.18041237113402062,0.03865979381443299,0.06237113402061856,0.10670103092783505,0.011855670103092783,0.04484536082474227,0.021134020618556702,0.465979381443299
6,0.11611441517983574,0.04021523647691872,0.2206173888416879,0.124327386009629,0.08807703200226565,0.1093174738034551,0.19626168224299065,0.014443500424808835,0.04021523647691872,0.05041064854148966,0.6230529595015576
60,0.124117053481332,0.07971745711402624,0.3703329969727548,0.13723511604439959,0.08678102926337034,0.035317860746720484,0.13824419778002017,0.0030272452068617556,0.015136226034308779,0.010090817356205853,0.42583249243188703
61,0.07383100902378999,0.08859721082854799,0.2559474979491386,0.18293683347005743,0.11977030352748154,0.031173092698933553,0.20754716981132076,0.007383100902378999,0.026251025430680888,0.006562756357670222,0.5816242821985234
62,0.07088744588744589,0.05357142857142857,0.19101731601731603,0.15367965367965367,0.16017316017316016,0.05140692640692641,0.18073593073593072,0.037337662337662336,0.06385281385281386,0.037337662337662336,0.6845238095238095
63,0.07904444054101528,0.014579307922009486,0.2153521868961883,0.16283154751449147,0.0644651326190058,0.222378359388723,0.09959599508167925,0.038116985772000705,0.048480590198489375,0.05515545406639733,0.6910240646407869
64,0.08954154727793696,0.07808022922636103,0.2239732569245463,0.15830945558739254,0.05396370582617001,0.21012416427889208,0.08285577841451768,0.014087870105062083,0.03772683858643744,0.05133715377268386,0.6084049665711557
65,0.0679886685552408,0.06062322946175638,0.398300283286119,0.17393767705382437,0.1263456090651558,0.035694050991501414,0.11898016997167139,0.0073654390934844195,0.009065155807365438,0.0016997167138810198,0.4730878186968839
66,0.09408602150537634,0.03293010752688172,0.2862903225806452,0.1586021505376344,0.08534946236559139,0.15994623655913978,0.10551075268817205,0.008736559139784945,0.033602150537634407,0.03494623655913978,0.5866935483870968
67,0.10314061384725197,0.02426837972876517,0.2790863668807994,0.10635260528194147,0.11705924339757316,0.06780870806566738,0.22341184867951464,0.026052819414703783,0.04139900071377588,0.011420413990007138,0.5935046395431834
68,0.075,0.05663265306122449,0.2979591836734694,0.12857142857142856,0.12040816326530612,0.07448979591836735,0.15306122448979592,0.027040816326530614,0.036224489795918365,0.030612244897959183,0.5704081632653061
69,0.08970976253298153,0.055408970976253295,0.45910290237467016,0.12269129287598944,0.08839050131926121,0.025065963060686015,0.1279683377308707,0.0079155672823219,0.018469656992084433,0.005277044854881266,0.395778364116095
7,0.149812734082397,0.018726591760299626,0.09737827715355805,0.20599250936329588,0.10486891385767791,0.1647940074906367,0.14606741573033707,0.09363295880149813,0.018726591760299626,0.0,0.7340823970037453
70,0.13884297520661157,0.11735537190082644,0.15702479338842976,0.18512396694214875,0.03801652892561983,0.14710743801652892,0.08512396694214876,0.015702479338842976,0.06859504132231405,0.047107438016528926,0.5867768595041323
71,0.11176470588235295,0.03725490196078431,0.2,0.1284313725490196,0.056862745098039215,0.09313725490196079,0.19411764705882353,0.03529411764705882,0.05392156862745098,0.0892156862745098,0.6509803921568628
72,0.09474885844748858,0.05821917808219178,0.2688356164383562,0.16837899543378995,0.03995433789954338,0.04737442922374429,0.09703196347031963,0.17579908675799086,0.02682648401826484,0.0228310502283105,0.5781963470319634
73,0.06822549647661755,0.09096732863549008,0.25432415118513774,0.19026265214606022,0.08039718129404227,0.041319666880205,0.12395900064061499,0.13100576553491353,0.013773222293401666,0.005765534913516977,0.5864830237027546
74,0.0495603517186251,0.023181454836131096,0.3258726352251532,0.16573407940314416,0.07647215560884625,0.022648547828403944,0.10178523847588596,0.20010658140154544,0.02158273381294964,0.013056221689315214,0.6013855582200907
75,0.0742014742014742,0.04668304668304668,0.2339066339066339,0.1262899262899263,0.06437346437346438,0.053562653562653564,0.18624078624078624,0.1371007371007371,0.04864864864864865,0.028992628992628992,0.6452088452088451
76,0.049967969250480464,0.07110826393337603,0.3164638052530429,0.17680973734785393,0.08327994875080078,0.09609224855861627,0.07303010890454836,0.09224855861627163,0.033952594490711085,0.007046764894298526,0.5624599615631006
77,0.07422775472568004,0.10926694329183956,0.23697556477639464,0.15721530659289995,0.04656523743660673,0.07653296449976948,0.1313969571230982,0.0912863070539419,0.047487321346242506,0.029045643153526972,0.5795297372060857
78,0.08002689979825152,0.08406186953597848,0.16812373907195696,0.1862811028917283,0.06119704102219233,0.13718897108271688,0.12508406186953597,0.09616677874915938,0.023537323470073975,0.03833221250840619,0.667787491593813
79,0.058066759388038944,0.03929068150208623,0.23991655076495133,0.08414464534075104,0.11821974965229486,0.08831710709318498,0.2267037552155772,0.07579972183588317,0.05354659248956885,0.015994436717663423,0.6627260083449236
8,0.12771739130434784,0.10978260869565218,0.22934782608695653,0.10869565217391304,0.06739130434782609,0.05271739130434783,0.14184782608695654,0.014673913043478261,0.05434782608695652,0.09347826086956522,0.5331521739130435
80,0.071119654012494,0.05526189332051898,0.2715040845747237,0.13262854396924556,0.05045651129264776,0.10956271023546373,0.10091302258529553,0.14992791926958193,0.03315713599231139,0.025468524747717443,0.6021143680922634
81,0.0914396887159533,0.05771725032425422,0.2438391699092088,0.17769130998702984,0.04928664072632944,0.13942931258106356,0.11089494163424124,0.07911802853437094,0.027885862516212712,0.022697795071335927,0.6070038910505837
82,0.11891117478510028,0.04369627507163324,0.21561604584527222,0.16475644699140402,0.0988538681948424,0.10028653295128939,0.12607449856733524,0.08954154727793696,0.03581661891117478,0.0064469914040114614,0.6217765042979942
83,0.0906886517943744,0.052376333656644035,0.1915615906886518,0.18671193016488846,0.027158098933074686,0.08244422890397672,0.06935014548981572,0.2075654704170708,0.08438409311348205,0.007759456838021339,0.6653734238603297
84,0.22895455674199156,0.05636950583560964,0.1961758132604917,0.10777253538614354,0.031040476781723367,0.0759870871616588,0.0911348398311398,0.1082691830146511,0.08790663024584057,0.016389371740749937,0.5185001241619072
85,0.08046976946498477,0.07525010874293171,0.28012179208351456,0.15267507612005218,0.05915615484993476,0.05959112657677251,0.11222270552414093,0.11396259243149195,0.04480208786428882,0.02174858634188778,0.5641583297085689
86,0.1312785388127854,0.07134703196347032,0.16723744292237444,0.1997716894977169,0.06164383561643835,0.09075342465753425,0.09874429223744292,0.11358447488584475,0.05422374429223744,0.01141552511415525,0.6301369863013698
87,0.1898989898989899,0.02181818181818182,0.1321212121212121,0.17939393939393938,0.03111111111111111,0.09454545454545454,0.13818181818181818,0.12323232323232323,0.04040404040404041,0.04929292929292929,0.6561616161616162
88,0.10538243626062323,0.07195467422096317,0.28385269121813034,0.15240793201133143,0.059490084985835696,0.06005665722379604,0.11274787535410764,0.10368271954674221,0.042492917847025496,0.00793201133144476,0.5388101983002833
89,0.10144927536231885,0.1,0.24057971014492754,0.1681159420289855,0.12173913043478261,0.02463768115942029,0.09855072463768116,0.08840579710144927,0.0391304347826087,0.017391304347826087,0.5579710144927537
9,0.1251700680272109,0.02312925170068027,0.3891156462585034,0.15374149659863945,0.05986394557823129,0.05986394557823129,0.11428571428571428,0.006802721088435374,0.04217687074829932,0.02585034013605442,0.4625850340136054
90,0.09422011084718923,0.03800475059382423,0.3000791765637371,0.1496437054631829,0.04829770387965162,0.1060965954077593,0.12430720506730007,0.07759303246239113,0.04196357878068092,0.01979414093428345,0.5676959619952494
91,0.08216051730696082,0.08596424496006086,0.27577025484975276,0.1506276150627615,0.07455306200076074,0.07112970711297072,0.09471281856219095,0.11335108406238113,0.023583111449220234,0.02814758463294028,0.5561049828832256
92,0.08579881656804733,0.09335963182117028,0.20085470085470086,0.1433267587113741,0.06738987508218278,0.06837606837606838,0.18704799474030243,0.08777120315581854,0.030243261012491782,0.035831689677843524,0.6199868507560815
93,0.12439024390243902,0.032621951219512196,0.26890243902439026,0.17560975609756097,0.03902439024390244,0.05975609756097561,0.14512195121951219,0.10091463414634147,0.029573170731707316,0.024085365853658537,0.5740853658536585
94,0.049144521295959226,0.06625409537677467,0.19949035311248633,0.184564979978158,0.10702584637786676,0.10156534401164907,0.1314160902803058,0.10265744448489261,0.029122679286494358,0.02875864579541318,0.6851110302147798
95,0.13514162265962554,0.03720595295247239,0.08545367258761402,0.10921747479596736,0.041046567450792125,0.2443590974555929,0.12890062409985598,0.11257801248199711,0.06697071531445031,0.03912626020163226,0.742198751800288
96,0.07006369426751592,0.03275705186533212,0.30846223839854414,0.20200181983621474,0.05732484076433121,0.0791628753412193,0.09372156505914468,0.12283894449499545,0.020928116469517744,0.012738853503184714,0.5887170154686079
97,0.11238008222932847,0.04522613065326633,0.28186386477843767,0.11329374143444496,0.07217907720420283,0.06304248515303791,0.1027866605756053,0.14709913202375513,0.04568296025582458,0.01644586569209685,0.5605299223389675
98,0.05742821473158552,0.01581356637536413,0.2750728256346234,0.15647107781939243,0.03828547648772368,0.16146483562213898,0.1315022888056596,0.11152725759467333,0.023304203079483977,0.029130253849354974,0.651685393258427
99,0.07889908256880734,0.01834862385321101,0.24281345565749235,0.13333333333333333,0.0782874617737003,0.1871559633027523,0.11559633027522936,0.10825688073394496,0.01834862385321101,0.018960244648318043,0.6599388379204894
